STATE,COUNTY,B19013_001E_2018,B01001_001E_2018,B25058_001E_2018,B19013_001E_2019,B01001_001E_2019,B25058_001E_2019,B19013_001E_2021,B01001_001E_2021,B25058_001E_2021,B19013_001E_2022,B01001_001E_2022,B25058_001E_2022
01,003,56813,218022,831,56439,223234,898,63866.0,239294.0,917.0,69914.0,246435.0,892.0
01,015,45818,114277,534,48156,113605,529,46524.0,115972.0,503.0,52819.0,115788.0,505.0
01,043,44612,83442,433,50906,83768,531,55517.0,89496.0,592.0,63229.0,90665.0,501.0
01,049,36998,71385,435,44208,71513,373,41800.0,71813.0,448.0,49663.0,71998.0,437.0
01,051,60796,81887,621,61854,81209,669,59032.0,89304.0,649.0,71651.0,89563.0,796.0
01,055,45868,102501,492,41447,102268,471,45298.0,103162.0,528.0,57098.0,103088.0,557.0
01,069,48105,104722,555,50103,105882,533,46931.0,107458.0,609.0,56705.0,108079.0,613.0
01,073,55206,659300,687,53944,658573,689,55006.0,667820.0,770.0,61968.0,665409.0,845.0
01,077,49014,92387,435,46632,92729,461,50218.0,94043.0,586.0,59461.0,95878.0,583.0
01,081,46456,163941,645,53712,164542,655,52424.0,177218.0,759.0,58549.0,180773.0,791.0
01,083,67000,96174,502,63695,98915,543,66796.0,107517.0,613.0,84220.0,110900.0,779.0
01,089,63111,366519,706,67930,372909,720,78525.0,395211.0,846.0,80123.0,403565.0,914.0
01,095,47528,96109,507,49467,96774,443,50191.0,98228.0,507.0,52678.0,99423.0,512.0
01,097,43061,413757,633,49639,413210,639,49721.0,413073.0,700.0,54300.0,411411.0,738.0
01,101,49989,225763,661,53117,226486,682,50385.0,227434.0,711.0,57509.0,226361.0,738.0
01,103,53260,119089,536,54338,119679,518,55286.0,123668.0,500.0,62201.0,124211.0,673.0
01,115,56602,88690,634,67487,89512,797,60433.0,92748.0,602.0,70301.0,93932.0,612.0
01,117,71230,215707,884,75614,217702,911,84260.0,226902.0,1035.0,98212.0,230115.0,1107.0
01,121,40315,79828,385,50147,79978,429,45063.0,81524.0,533.0,56876.0,80704.0,514.0
01,125,54459,208911,653,52243,209355,691,56559.0,227007.0,728.0,61097.0,236780.0,772.0
01,127,47602,63711,386,46283,63521,498,,,,,,
02,020,83648,291538,1138,82716,288000,1156,86654.0,288121.0,1189.0,100751.0,287145.0,1274.0
02,090,75448,98971,1183,72065,96849,1173,72149.0,95593.0,1136.0,83519.0,95356.0,1200.0
02,170,72667,107610,948,74709,108317,975,78856.0,110686.0,1036.0,84636.0,113325.0,1152.0
04,001,30207,71818,343,30480,71887,330,40628.0,65623.0,454.0,37663.0,65432.0,402.0
04,003,50495,126770,635,48484,125922,628,56600.0,126050.0,686.0,55031.0,125663.0,748.0
04,005,61843,142854,1114,58085,143476,1176,64533.0,145052.0,1172.0,62622.0,144060.0,1177.0
04,013,65252,4410824,961,68649,4485414,1031,76247.0,4496588.0,1228.0,83747.0,4551524.0,1458.0
04,015,46060,209550,669,50179,212181,728,46616.0,217692.0,787.0,54786.0,220816.0,883.0
04,017,40463,110445,524,38897,110924,518,49449.0,108147.0,521.0,49487.0,108650.0,669.0
04,019,53464,1039073,758,56169,1047279,772,60667.0,1052030.0,867.0,64014.0,1057597.0,974.0
04,021,59058,447138,836,62057,462789,870,70993.0,449557.0,991.0,76377.0,464154.0,1340.0
04,025,48148,231993,738,53816,235099,863,57230.0,242253.0,941.0,63936.0,246191.0,1019.0
04,027,43403,212128,692,46419,213787,665,57304.0,206990.0,770.0,53994.0,207842.0,757.0
05,007,67164,272608,711,69130,279141,729,78691.0,293692.0,860.0,85917.0,302863.0,953.0
05,031,44810,108558,614,45610,110332,634,50186.0,112218.0,678.0,61871.0,113017.0,702.0
05,045,51437,124806,652,57642,126007,651,55635.0,125106.0,649.0,62993.0,127665.0,699.0
05,051,42779,99154,617,45265,99386,591,47694.0,100330.0,633.0,53145.0,100089.0,695.0
05,069,35652,68114,534,39326,66824,574,48499.0,65861.0,612.0,44584.0,64246.0,531.0
05,085,53782,73657,647,62532,73309,601,63641.0,74722.0,745.0,63766.0,75225.0,642.0
05,119,49613,392680,668,52043,391911,669,52479.0,397821.0,749.0,56308.0,399145.0,760.0
05,125,63084,121421,641,66327,122437,694,67345.0,125233.0,779.0,67632.0,127357.0,730.0
05,131,46826,127753,528,48839,127827,543,47874.0,128400.0,559.0,51491.0,129059.0,591.0
05,143,50342,236961,661,50798,239187,687,65125.0,250057.0,771.0,61194.0,256054.0,761.0
05,145,42270,78727,521,43399,78753,483,51402.0,77207.0,543.0,57015.0,77755.0,606.0
06,001,102125,1666753,1791,108322,1671329,1879,109729.0,1648556.0,1917.0,122159.0,1628997.0,2046.0
06,007,51652,231256,897,62563,219186,935,64738.0,208309.0,1067.0,64426.0,207303.0,1135.0
06,013,101618,1150215,1721,107135,1153526,1798,111080.0,1161413.0,1908.0,120061.0,1156966.0,1971.0
06,017,82742,190678,1163,87059,192843,1153,87491.0,193221.0,1394.0,105982.0,192646.0,1394.0
06,019,52629,994400,835,57518,999101,859,63656.0,1013581.0,962.0,69571.0,1015190.0,1054.0
06,023,50294,136373,865,51662,135558,895,54752.0,136310.0,989.0,57883.0,135010.0,1045.0
06,025,48984,181827,638,48472,181215,677,51809.0,179851.0,751.0,57310.0,178713.0,804.0
06,029,51579,896764,809,53067,900202,803,58217.0,917673.0,887.0,66234.0,916108.0,958.0
06,031,61663,151366,851,58453,152940,763,62155.0,153443.0,927.0,64368.0,152981.0,1055.0
06,033,48554,64382,891,47138,64386,831,61221.0,68766.0,920.0,51259.0,68191.0,892.0
06,037,68093,10105518,1376,72797,10039107,1471,77456.0,9829544.0,1595.0,82516.0,9721138.0,1675.0
06,039,56305,157672,792,64827,157327,832,63454.0,159410.0,873.0,76920.0,160256.0,993.0
06,041,126373,259666,2072,110843,258826,2011,118209.0,260206.0,2243.0,136214.0,256018.0,2257.0
06,045,51830,87606,939,51744,86749,995,59444.0,91305.0,985.0,65520.0,89783.0,1078.0
06,047,57745,274765,848,61167,277680,893,53992.0,286461.0,970.0,66164.0,290014.0,989.0
06,053,70681,435594,1403,77514,434061,1523,82163.0,437325.0,1674.0,92840.0,432858.0,1757.0
06,055,87025,139417,1587,92769,137744,1701,97213.0,136207.0,1721.0,100318.0,134300.0,1863.0
06,057,66299,99696,1030,68818,99755,1213,79519.0,103487.0,1287.0,78401.0,102293.0,1335.0
06,059,89759,3185968,1790,95934,3175692,1841,100559.0,3167809.0,1958.0,106209.0,3151184.0,2125.0
06,061,88592,393149,1438,97723,398329,1507,103659.0,412300.0,1659.0,105445.0,417772.0,1719.0
06,065,66964,2450758,1207,73260,2470546,1328,79024.0,2458395.0,1408.0,86748.0,2473902.0,1555.0
06,067,69767,1540975,1152,72017,1552058,1224,80063.0,1588921.0,1355.0,84211.0,1584169.0,1485.0
06,071,63857,2171603,1130,67903,2180085,1190,74846.0,2194710.0,1343.0,79091.0,2193656.0,1442.0
06,073,79079,3343364,1578,83985,3338330,1662,91003.0,3286069.0,1805.0,98928.0,3276208.0,1905.0
06,075,112376,883305,1822,123859,881549,1889,121826.0,815201.0,2072.0,136692.0,808437.0,2226.0
06,077,64119,752660,1034,68997,762148,1082,80681.0,789410.0,1247.0,86056.0,793229.0,1330.0
06,079,71148,284010,1291,77265,283111,1533,80615.0,283159.0,1600.0,90216.0,282013.0,1712.0
06,081,124425,769545,2320,138500,766573,2415,131796.0,737888.0,2394.0,145388.0,729181.0,2572.0
06,083,77472,446527,1562,75653,446499,1558,84846.0,446475.0,1752.0,90894.0,443837.0,1838.0
06,085,126606,1937570,2225,133076,1927852,2295,141562.0,1885508.0,2355.0,150839.0,1870945.0,2496.0
06,087,86941,274255,1610,89269,273213,1694,93933.0,267792.0,1865.0,102146.0,264370.0,1920.0
06,089,56280,180040,823,63091,180080,868,61125.0,182139.0,874.0,68276.0,180930.0,900.0
06,095,84395,446610,1509,86652,447643,1585,87770.0,451716.0,1685.0,92959.0,448747.0,1826.0
06,097,81395,499942,1528,87828,494336,1648,94295.0,485887.0,1773.0,96830.0,482650.0,1775.0
06,099,60321,549815,983,63037,550660,1046,73982.0,552999.0,1136.0,75886.0,551275.0,1220.0
06,101,59121,96807,842,62777,96971,972,64251.0,99063.0,1020.0,65018.0,98503.0,1168.0
06,107,48817,465861,740,57692,466195,837,58209.0,477054.0,845.0,64722.0,477544.0,930.0
06,111,84566,850967,1657,92236,846006,1759,96454.0,839784.0,1910.0,102569.0,832605.0,2033.0
06,113,68670,220408,1185,71417,220500,1318,78146.0,216986.0,1456.0,83875.0,222115.0,1613.0
06,115,46574,78041,767,58765,78668,839,63303.0,83421.0,854.0,65052.0,84310.0,915.0
08,001,70743,511868,1247,75804,517421,1250,81258.0,522140.0,1424.0,91367.0,527575.0,1505.0
08,005,76768,651215,1275,82710,656590,1365,84386.0,654900.0,1456.0,93784.0,655808.0,1642.0
08,013,83755,326078,1418,88535,326196,1512,90168.0,329543.0,1667.0,96079.0,327468.0,1699.0
08,014,95800,69267,1516,111400,70465,1723,107638.0,75325.0,1818.0,115833.0,76121.0,1846.0
08,031,68377,716492,1237,75646,727211,1352,81630.0,711463.0,1449.0,88213.0,713252.0,1623.0
08,035,119615,342776,1603,122867,351154,1637,129299.0,368990.0,1724.0,140003.0,375988.0,1885.0
08,041,68119,713856,1065,72830,720403,1125,79427.0,737867.0,1301.0,82389.0,740567.0,1404.0
08,059,85890,580233,1288,90040,582881,1361,94549.0,579581.0,1480.0,102731.0,576143.0,1630.0
08,069,71091,350518,1254,75186,356899,1259,78109.0,362533.0,1343.0,88403.0,366778.0,1471.0
08,077,49848,153207,762,60500,154210,868,64055.0,157335.0,830.0,70711.0,158636.0,1094.0
08,101,48468,167529,642,51276,168424,697,56689.0,169622.0,789.0,58723.0,169544.0,841.0
08,123,75938,314305,949,78615,324492,1081,85290.0,340036.0,1186.0,91565.0,350176.0,1207.0
09,001,91079,943823,1238,97053,943332,1321,100810.0,959768.0,1440.0,,,
09,003,73151,892697,920,75381,891720,954,80069.0,896854.0,1061.0,,,
09,005,76043,181111,858,81195,180333,897,84978.0,185000.0,931.0,,,
09,007,89131,162682,1024,76518,162436,1021,94887.0,164759.0,1122.0,,,
09,009,67845,857620,968,69751,854757,972,75295.0,863700.0,1053.0,,,
09,011,67197,266784,942,75633,265206,980,78828.0,268805.0,1030.0,,,
09,013,91646,150921,1043,91028,150721,987,82778.0,150293.0,1083.0,,,
09,015,65765,117027,813,62106,116782,833,72068.0,116418.0,807.0,,,
10,001,54419,178550,826,58001,180786,953,64308.0,184149.0,1015.0,72675.0,186946.0,1063.0
10,003,69479,559335,995,76328,558753,985,73854.0,571708.0,1097.0,86020.0,575494.0,1161.0
10,005,60277,229286,820,65155,234225,779,70556.0,247527.0,904.0,81792.0,255956.0,897.0
11,001,85203,702455,1421,92266,705749,1514,90088.0,670050.0,1586.0,101027.0,671803.0,1768.0
12,001,51241,269956,851,49534,269043,838,56445.0,279238.0,957.0,58354.0,284030.0,1105.0
12,005,52107,185287,881,59450,174705,1007,60557.0,179168.0,1072.0,66245.0,185134.0,1102.0
12,009,57888,596849,905,57305,601942,985,65333.0,616628.0,1076.0,75320.0,630693.0,1273.0
12,011,57278,1951260,1234,61502,1952778,1321,65747.0,1930983.0,1379.0,70978.0,1947026.0,1613.0
12,015,52927,184998,883,54652,188910,900,59285.0,194843.0,1039.0,64860.0,202661.0,1118.0
12,017,39964,147929,732,50751,149657,739,47197.0,158083.0,843.0,51532.0,162529.0,798.0
12,019,61825,216072,921,76687,219252,935,76679.0,222361.0,1144.0,85594.0,226589.0,1366.0
12,021,69867,378488,1137,76025,384902,1246,74215.0,385980.0,1405.0,80815.0,397994.0,1575.0
12,023,48848,70503,682,47094,71686,611,54077.0,70385.0,625.0,53985.0,71908.0,753.0
12,031,55832,950181,912,58415,957755,948,59980.0,999935.0,1047.0,70533.0,1016536.0,1237.0
12,033,51050,315534,742,53136,318316,800,54228.0,322390.0,873.0,61924.0,324878.0,1013.0
12,035,58963,112067,1025,60204,115081,1194,62618.0,120932.0,1181.0,71211.0,126705.0,1380.0
12,053,45977,190865,807,51031,193920,800,56868.0,200638.0,876.0,61462.0,206896.0,986.0
12,055,39796,105424,642,48698,106221,644,48564.0,103296.0,714.0,52799.0,105618.0,801.0
12,057,58480,1436888,1021,61154,1471968,1046,65905.0,1478194.0,1198.0,74308.0,1513301.0,1378.0
12,061,57508,157413,824,59782,159923,877,58972.0,163662.0,985.0,67407.0,167352.0,1150.0
12,069,52096,356495,845,57588,367118,929,64795.0,395804.0,1197.0,67559.0,410139.0,1196.0
12,071,56129,754610,1061,62240,770577,1075,66256.0,787976.0,1180.0,71072.0,822453.0,1441.0
12,073,50682,292502,781,54929,293582,808,58118.0,292817.0,936.0,61297.0,297369.0,961.0
12,081,59956,394855,1019,64499,403253,1096,68172.0,412703.0,1190.0,72108.0,429125.0,1335.0
12,083,44576,359977,713,49576,365579,804,55161.0,385915.0,860.0,54190.0,396415.0,911.0
12,085,59978,160912,1008,70842,161000,1043,64625.0,159942.0,1122.0,80024.0,162006.0,1480.0
12,086,52205,2761581,1211,55171,2716940,1284,59044.0,2662777.0,1389.0,67263.0,2673837.0,1527.0
12,087,71973,75027,1551,68589,74228,1443,68563.0,82170.0,1623.0,79420.0,81708.0,1467.0
12,089,63913,85832,766,70939,88625,1015,75981.0,94189.0,1206.0,90883.0,97899.0,1461.0
12,091,63997,207269,933,64222,210738,981,69823.0,213255.0,1152.0,77830.0,216482.0,1247.0
12,095,58588,1380645,1075,63461,1393452,1175,64833.0,1422746.0,1275.0,72324.0,1452726.0,1455.0
12,097,50546,367990,1096,51760,375751,1176,60585.0,403282.0,1259.0,63271.0,422545.0,1456.0
12,099,61691,1485941,1237,66623,1496770,1357,70002.0,1497987.0,1418.0,76592.0,1518477.0,1614.0
12,101,54208,539630,897,55828,553947,892,59470.0,584067.0,999.0,65999.0,608794.0,1191.0
12,103,52198,975280,963,56737,974996,1014,61947.0,956615.0,1135.0,66472.0,961739.0,1313.0
12,105,51670,708009,786,51833,724777,823,56379.0,753520.0,920.0,62051.0,787404.0,1030.0
12,107,41608,74163,617,42899,74521,622,33370.0,74167.0,654.0,46161.0,74731.0,689.0
12,109,80712,254261,1103,90356,264672,1196,91602.0,292466.0,1487.0,103017.0,306841.0,1477.0
12,111,54098,321128,1149,58039,328297,1074,62797.0,343579.0,1159.0,62705.0,358704.0,1180.0
12,113,70787,179349,915,64930,184313,967,82059.0,193998.0,1079.0,83672.0,198268.0,1201.0
12,115,61683,426718,1204,66342,433742,1204,71761.0,447057.0,1258.0,78341.0,462286.0,1579.0
12,117,67470,467832,1123,70190,471826,1179,70236.0,470093.0,1275.0,80550.0,478772.0,1467.0
12,119,53895,128754,755,60287,132420,1092,64608.0,135638.0,909.0,73391.0,144970.0,1353.0
12,127,50361,547538,889,53766,553284,913,58380.0,564412.0,986.0,64857.0,579192.0,1239.0
12,131,62914,71375,720,60457,74071,962,61787.0,80069.0,1362.0,74629.0,83304.0,1210.0
13,013,61225,80809,768,69890,83240,812,65273.0,86658.0,884.0,78216.0,89299.0,865.0
13,015,57380,106408,658,59911,107738,785,71523.0,110843.0,908.0,84590.0,112816.0,881.0
13,021,40495,153095,659,42140,153159,648,48176.0,156762.0,699.0,47625.0,156197.0,787.0
13,031,44179,77296,594,50436,79608,620,57656.0,82442.0,726.0,47297.0,83059.0,723.0
13,045,51545,118121,663,61133,119992,717,58473.0,121968.0,739.0,72595.0,124592.0,862.0
13,047,56364,67420,621,61487,67580,642,65576.0,68397.0,701.0,67081.0,68826.0,823.0
13,051,55308,289195,879,57611,289430,896,61843.0,296329.0,1012.0,64157.0,301107.0,1151.0
13,057,82069,254149,1074,86404,258773,1102,96267.0,274615.0,1264.0,99234.0,281278.0,1416.0
13,059,42232,127330,709,39799,128331,725,50447.0,128711.0,891.0,47171.0,129875.0,911.0
13,063,46646,289615,785,51093,292256,856,51233.0,297100.0,987.0,58325.0,296564.0,1140.0
13,067,78894,756865,1065,79601,760141,1106,88029.0,766802.0,1245.0,97084.0,771952.0,1458.0
13,073,82024,154291,964,88761,156714,928,84220.0,159639.0,936.0,93307.0,162419.0,1098.0
13,077,69240,145864,868,78423,148509,961,84788.0,149956.0,1081.0,84747.0,152882.0,1165.0
13,089,64461,756558,989,63652,759297,1061,70985.0,757718.0,1190.0,77169.0,762820.0,1360.0
13,095,39659,91243,506,35062,87956,519,42067.0,84844.0,604.0,41425.0,82966.0,626.0
13,097,60829,145331,883,62669,146343,933,65046.0,145814.0,1108.0,80933.0,147316.0,1293.0
13,113,93468,113459,1089,92172,114421,1208,90806.0,120574.0,1460.0,108643.0,122030.0,1512.0
13,115,38462,97927,536,50880,98498,564,60825.0,98771.0,640.0,56420.0,99443.0,725.0
13,117,104687,236612,1220,112108,244252,1327,118814.0,260206.0,1705.0,129410.0,267237.0,1689.0
13,121,70930,1050114,1067,80013,1063937,1181,83192.0,1065334.0,1293.0,90346.0,1074634.0,1455.0
13,127,55196,85219,798,59004,85292,635,61984.0,84739.0,829.0,63228.0,85079.0,874.0
13,135,72184,927781,1122,72109,936250,1163,74622.0,964546.0,1279.0,83901.0,975353.0,1452.0
13,139,61699,202148,827,67467,204441,788,66719.0,207369.0,888.0,76888.0,212692.0,1126.0
13,151,73541,230220,970,71939,234561,998,74614.0,245235.0,1141.0,81988.0,248364.0,1340.0
13,153,58965,155469,741,66740,157863,743,72848.0,166829.0,839.0,71068.0,169631.0,852.0
13,157,73150,70422,544,65063,72977,599,72116.0,80286.0,731.0,83843.0,83936.0,821.0
13,185,34886,116321,582,45683,117406,651,42242.0,119276.0,670.0,52307.0,119739.0,817.0
13,215,47288,194160,676,46934,195769,729,52734.0,205617.0,726.0,53750.0,202616.0,807.0
13,217,57344,109541,851,57254,111744,834,75589.0,115355.0,993.0,73579.0,117621.0,1041.0
13,223,73084,164044,991,75800,168667,1031,93815.0,173780.0,1304.0,86847.0,178421.0,1169.0
13,245,39413,201554,678,44973,202518,719,48048.0,205673.0,770.0,49915.0,206640.0,786.0
13,247,61222,90594,956,60560,90896,875,66267.0,94082.0,935.0,73998.0,94984.0,1199.0
13,255,42920,66100,645,51677,66703,548,54585.0,67909.0,719.0,54803.0,68919.0,755.0
13,285,44260,70034,610,46198,69922,581,49187.0,69720.0,638.0,57988.0,70191.0,767.0
13,295,42609,69410,577,47856,69761,499,43672.0,68510.0,545.0,52957.0,68915.0,667.0
13,297,66640,93503,752,66176,94593,743,73151.0,99853.0,753.0,86240.0,103065.0,875.0
13,313,45028,104062,588,52198,104628,591,55519.0,102848.0,673.0,61037.0,103132.0,729.0
15,001,57571,200983,999,67075,201513,1057,69473.0,202906.0,1149.0,72568.0,206315.0,1115.0
15,003,84423,980080,1593,87470,974563,1647,90704.0,1000890.0,1771.0,96580.0,995638.0,1738.0
15,007,80921,72133,1184,81971,72293,1179,80582.0,73454.0,1478.0,87730.0,73810.0,1636.0
15,009,82885,167218,1515,80754,167488,1506,76273.0,164268.0,1422.0,94760.0,164365.0,1464.0
16,001,66405,469966,908,72021,481587,997,79279.0,511931.0,1205.0,87774.0,518907.0,1388.0
16,005,50748,87138,583,51989,87808,576,60736.0,88263.0,668.0,61452.0,89517.0,744.0
16,019,58729,116854,659,64618,119062,682,68614.0,127930.0,780.0,74154.0,129496.0,934.0
16,027,53374,223499,707,58945,229849,818,64314.0,243115.0,936.0,70818.0,251065.0,1108.0
16,055,55236,161505,869,62579,165697,849,67593.0,179789.0,1073.0,75328.0,183578.0,1303.0
16,083,51196,86081,622,56276,86878,669,52880.0,92243.0,687.0,63560.0,93696.0,881.0
17,001,56699,65691,626,55727,65435,643,,,,,,
17,019,52725,209983,703,52405,209689,773,56847.0,205943.0,800.0,60168.0,206542.0,799.0
17,031,63353,5180493,978,69429,5150233,1014,72092.0,5173146.0,1113.0,76632.0,5109292.0,1161.0
17,037,63085,104143,797,64131,104897,810,65615.0,100414.0,817.0,68590.0,100232.0,803.0
17,043,93750,928589,1194,96403,922921,1222,99577.0,924885.0,1348.0,102152.0,920901.0,1392.0
17,089,79818,534216,988,84368,532403,970,91336.0,515588.0,1097.0,93343.0,514182.0,1146.0
17,091,51404,110024,731,60923,109862,772,63364.0,106601.0,739.0,71416.0,106074.0,795.0
17,093,89862,127915,1341,104858,128990,1408,91560.0,134867.0,1066.0,101447.0,137254.0,1297.0
17,097,87133,700832,1045,92511,696535,1072,95796.0,711239.0,1147.0,101442.0,709150.0,1207.0
17,099,51838,109430,584,59130,108669,630,64673.0,108965.0,639.0,63626.0,108078.0,722.0
17,111,85275,308570,1019,88879,307774,1043,91887.0,311122.0,1113.0,98907.0,311747.0,997.0
17,113,66256,172828,713,68784,171517,714,69612.0,170889.0,745.0,70674.0,171141.0,803.0
17,115,50066,104712,552,50839,104009,500,46807.0,102432.0,521.0,60332.0,101483.0,575.0
17,119,59987,264461,639,67440,262966,637,65663.0,264490.0,721.0,66996.0,263864.0,699.0
17,143,56138,180621,641,57247,179179,614,55949.0,179432.0,654.0,65301.0,178383.0,691.0
17,161,52148,143477,624,58313,141879,613,57895.0,142909.0,685.0,62086.0,141527.0,669.0
17,163,59141,261059,641,57169,259686,590,67530.0,254796.0,728.0,67395.0,252671.0,759.0
17,167,61997,195348,663,61280,194672,647,68466.0,194734.0,677.0,73784.0,194534.0,719.0
17,179,60857,132328,606,65848,131803,594,63621.0,130413.0,641.0,72930.0,129911.0,671.0
17,183,43655,76806,493,43111,75758,508,49091.0,73095.0,577.0,51515.0,72337.0,547.0
17,197,85818,692310,974,90134,690743,964,93752.0,697252.0,1106.0,96668.0,696757.0,1163.0
17,199,43568,67056,533,58097,66597,626,54859.0,66879.0,650.0,67631.0,66695.0,613.0
17,201,53345,284081,651,59455,282572,680,56132.0,283119.0,733.0,62011.0,282188.0,755.0
18,003,54260,375351,624,56519,379299,626,62542.0,388608.0,697.0,65732.0,391449.0,778.0
18,005,62047,82753,732,72555,83779,770,73564.0,82475.0,847.0,65739.0,83540.0,807.0
18,011,81145,66999,850,70813,67843,885,98867.0,73052.0,1003.0,102005.0,74164.0,955.0
18,019,56307,117360,675,59064,118302,710,62231.0,122738.0,735.0,68350.0,124237.0,831.0
18,035,41662,114772,611,45065,114135,579,50497.0,111871.0,595.0,54087.0,112031.0,681.0
18,039,58350,205560,667,54531,206341,697,60143.0,206921.0,754.0,61922.0,206890.0,792.0
18,043,66391,77781,685,63219,78522,673,66596.0,80454.0,765.0,73899.0,80714.0,838.0
18,053,44839,65936,466,47206,65769,554,49401.0,66263.0,560.0,50366.0,66022.0,612.0
18,057,100209,330086,1053,105062,338011,1074,102452.0,356650.0,1206.0,114807.0,364921.0,1283.0
18,059,71653,76351,739,69392,78168,805,79182.0,81789.0,830.0,86504.0,83070.0,934.0
18,063,80582,167009,878,85381,170311,980,89228.0,179355.0,1031.0,93193.0,182534.0,1140.0
18,067,55868,82366,565,53440,82544,569,55088.0,83687.0,714.0,55297.0,83574.0,699.0
18,081,68209,156225,758,73651,158167,795,78697.0,164298.0,901.0,81670.0,165782.0,1020.0
18,085,55253,79344,625,64099,79456,536,65540.0,80106.0,759.0,68778.0,80826.0,811.0
18,089,55154,484411,722,57081,485493,750,61443.0,498558.0,797.0,66085.0,499689.0,823.0
18,091,51584,110007,624,56019,109888,610,63714.0,112390.0,764.0,66659.0,111675.0,740.0
18,095,49615,129641,594,55142,129569,609,53785.0,130782.0,608.0,58937.0,131744.0,628.0
18,097,47780,954670,711,50458,964582,731,58560.0,971102.0,799.0,62565.0,969466.0,850.0
18,105,47369,146917,760,52453,148431,823,51945.0,139875.0,871.0,65043.0,139745.0,903.0
18,109,68338,70116,624,62862,70489,683,67848.0,72206.0,703.0,75344.0,72236.0,770.0
18,127,66476,169594,814,72483,170389,775,80547.0,174243.0,915.0,83395.0,174791.0,910.0
18,141,54434,270771,677,53456,271826,697,59189.0,272212.0,732.0,60627.0,272234.0,829.0
18,157,50256,193048,698,49352,195732,747,52617.0,187076.0,772.0,54168.0,188717.0,861.0
18,163,50325,180974,600,51350,181451,643,53171.0,179987.0,670.0,57028.0,179744.0,716.0
18,167,48961,107386,546,48013,107038,549,46802.0,105994.0,628.0,51125.0,106006.0,657.0
18,177,44928,65936,485,47944,65884,496,50138.0,66456.0,559.0,49024.0,66273.0,549.0
19,013,51920,132408,637,60506,131228,687,60264.0,130368.0,693.0,60529.0,130274.0,763.0
19,049,83990,90180,933,94885,93453,995,90750.0,103796.0,954.0,105132.0,108016.0,1183.0
19,061,60225,96854,616,62178,97311,673,75590.0,98718.0,703.0,73671.0,98677.0,754.0
19,103,63035,151260,861,66011,151140,862,67134.0,154748.0,864.0,74140.0,156420.0,919.0
19,113,64103,225909,623,63559,226706,648,69420.0,228939.0,708.0,72527.0,229033.0,722.0
19,153,68291,487204,785,66918,490161,825,73292.0,496844.0,870.0,77038.0,501089.0,929.0
19,155,55376,93533,721,60056,93206,734,66542.0,93304.0,734.0,68681.0,93173.0,808.0
19,163,58175,173283,680,65122,172943,679,65566.0,174170.0,742.0,66832.0,173924.0,795.0
19,169,54586,98105,790,63107,97117,841,63774.0,99472.0,787.0,66033.0,99673.0,808.0
19,193,61516,102539,632,58945,103107,689,59376.0,105607.0,694.0,67817.0,105671.0,793.0
20,015,64898,66765,672,61951,66911,650,71274.0,67889.0,642.0,80853.0,68240.0,701.0
20,045,54668,121436,796,64233,122259,789,56576.0,119363.0,746.0,65774.0,119964.0,828.0
20,091,86746,597555,928,91771,602401,971,92945.0,613219.0,1059.0,98523.0,619195.0,1145.0
20,103,71071,81352,762,77070,81758,728,83028.0,82184.0,792.0,77925.0,82892.0,959.0
20,161,44697,73703,720,50920,74232,740,57335.0,72208.0,760.0,53043.0,71108.0,815.0
20,173,55882,513607,608,59716,516042,654,60364.0,523828.0,694.0,64286.0,525525.0,732.0
20,177,52104,177499,649,59441,176875,657,55499.0,178264.0,638.0,60544.0,177480.0,682.0
20,209,47285,165324,667,46964,165429,676,55605.0,167046.0,763.0,59362.0,165746.0,796.0
21,015,77429,131533,846,76443,133581,855,83877.0,137412.0,1010.0,89931.0,139093.0,1086.0
21,029,58119,81069,664,65560,81676,662,68269.0,82918.0,726.0,76810.0,83836.0,760.0
21,037,59524,93152,677,66439,93584,671,71701.0,93050.0,820.0,72967.0,93300.0,905.0
21,047,38448,71671,668,47445,70461,686,47754.0,72357.0,736.0,60767.0,73037.0,770.0
21,059,50934,101104,560,50964,101511,615,59307.0,103063.0,575.0,66837.0,103222.0,621.0
21,067,54896,323780,755,58356,323152,789,60942.0,321793.0,839.0,62908.0,320347.0,878.0
21,093,50981,110356,651,57463,110958,685,61089.0,111607.0,690.0,60878.0,111862.0,734.0
21,111,55851,770517,705,59049,766757,754,60561.0,777874.0,801.0,64619.0,773399.0,872.0
21,117,64441,166051,726,68849,166998,687,70171.0,169495.0,772.0,77099.0,170313.0,839.0
21,145,47764,65346,584,45084,65418,551,64082.0,67454.0,644.0,60935.0,67490.0,651.0
21,151,52047,92368,607,49421,92987,561,52425.0,94666.0,635.0,60685.0,95187.0,696.0
21,185,102033,66470,677,97968,66799,781,110041.0,68685.0,696.0,115187.0,69431.0,758.0
21,227,53601,131264,645,52645,132896,643,59752.0,137212.0,661.0,59784.0,139843.0,782.0
22,005,79495,124672,690,85425,126604,878,72662.0,128369.0,901.0,79515.0,130458.0,915.0
22,015,55922,127185,697,49962,127039,805,59041.0,129144.0,873.0,62421.0,129276.0,878.0
22,017,39077,242922,630,45537,240204,640,44022.0,233092.0,676.0,46967.0,229025.0,701.0
22,019,49113,203112,684,51246,203436,748,58020.0,205282.0,826.0,62197.0,202418.0,837.0
22,033,52947,440956,777,56451,440059,778,51432.0,453301.0,838.0,61387.0,450544.0,925.0
22,045,42994,70941,513,50991,69830,548,49447.0,68975.0,551.0,43513.0,68327.0,569.0
22,051,50766,434051,827,56069,432493,827,56282.0,433688.0,910.0,61397.0,425884.0,948.0
22,055,60071,242782,731,60567,244390,722,59093.0,244205.0,738.0,56496.0,247866.0,817.0
22,057,50296,98115,625,51339,97614,684,59637.0,97504.0,647.0,58593.0,95870.0,562.0
22,063,64067,139567,864,62187,140789,814,75682.0,145830.0,922.0,73126.0,148425.0,781.0
22,071,38423,391006,817,45615,390144,851,46942.0,376971.0,883.0,52322.0,369749.0,948.0
22,073,44059,154475,598,41137,153279,569,47400.0,158768.0,590.0,45840.0,157702.0,685.0
22,079,49175,130562,625,50490,129648,661,45183.0,128654.0,626.0,58161.0,127189.0,637.0
22,097,32867,82764,429,38681,82124,463,38599.0,82071.0,472.0,41976.0,81773.0,549.0
22,103,65392,258111,901,69076,260419,948,66582.0,269388.0,989.0,76269.0,273263.0,1014.0
22,105,48205,133777,684,47825,134758,697,52872.0,135217.0,725.0,55391.0,137048.0,678.0
22,109,52820,111021,705,48446,110461,699,63100.0,108708.0,731.0,57299.0,104786.0,772.0
23,001,49697,107679,713,63813,108277,734,62958.0,111034.0,812.0,63438.0,113023.0,868.0
23,003,38233,67111,477,38768,67055,495,52849.0,66859.0,593.0,51395.0,67255.0,589.0
23,005,72452,293557,1036,76059,295003,1086,80982.0,305231.0,1202.0,89345.0,307451.0,1326.0
23,011,51653,122083,655,55389,122302,680,60528.0,124486.0,808.0,62943.0,125540.0,853.0
23,019,47217,151096,695,50449,152148,735,56250.0,152765.0,819.0,61134.0,153704.0,863.0
23,031,66614,206229,887,66648,207641,914,73875.0,214591.0,1024.0,81928.0,216732.0,995.0
24,001,42068,70975,509,48867,70416,530,48888.0,67729.0,561.0,46913.0,67267.0,545.0
24,003,97814,576031,1481,101147,579234,1601,107823.0,590336.0,1650.0,113125.0,593286.0,1681.0
24,005,76182,828431,1115,77358,827370,1165,80453.0,849316.0,1209.0,86526.0,846161.0,1311.0
24,009,107884,92003,1301,112380,92525,1203,122266.0,93928.0,1254.0,120097.0,94573.0,1535.0
24,013,97430,168429,893,103014,168447,912,102476.0,173873.0,1136.0,104942.0,175305.0,1090.0
24,015,74452,102826,948,76441,102855,1010,75692.0,103905.0,1011.0,86292.0,104942.0,1169.0
24,017,94368,161503,1498,103932,163257,1484,105493.0,168698.0,1609.0,115880.0,170102.0,1628.0
24,021,95850,255648,1261,103516,259547,1306,104780.0,279835.0,1382.0,119122.0,287079.0,1541.0
24,025,88603,253956,1077,92331,255441,1132,96328.0,262977.0,1237.0,100915.0,263867.0,1310.0
24,027,116984,323196,1470,121618,325690,1599,133267.0,334529.0,1659.0,133438.0,335411.0,1797.0
24,031,108188,1052567,1625,110389,1050688,1679,112854.0,1054827.0,1723.0,118323.0,1052521.0,1744.0
24,033,83034,909308,1348,86290,909327,1370,90182.0,955306.0,1450.0,94441.0,946971.0,1501.0
24,037,92250,112664,1162,87947,113510,1170,108397.0,114468.0,1280.0,113717.0,114877.0,1385.0
24,043,63126,150926,770,59140,151049,789,65367.0,154937.0,820.0,69244.0,155590.0,824.0
24,045,57249,103195,840,54402,103609,853,63333.0,103980.0,908.0,72198.0,104664.0,1052.0
24,510,51000,602495,877,50177,593490,923,54652.0,576498.0,990.0,55198.0,569931.0,1043.0
25,001,68902,213413,1112,85042,212990,1131,83537.0,232411.0,1340.0,91438.0,232457.0,1440.0
25,003,60476,126348,737,58895,124944,741,60749.0,128657.0,794.0,74176.0,127859.0,825.0
25,005,66205,564022,767,70402,565217,808,73102.0,580164.0,879.0,81551.0,580068.0,945.0
25,009,76604,790638,1115,83810,789034,1186,87433.0,807074.0,1311.0,92413.0,806765.0,1498.0
25,011,59248,70963,754,60018,70180,847,69771.0,71015.0,903.0,70306.0,70894.0,848.0
25,013,52372,470406,763,60161,466372,811,61747.0,462718.0,856.0,63866.0,461041.0,856.0
25,015,76966,161355,956,74778,160830,974,77495.0,161572.0,1155.0,82078.0,162588.0,1175.0
25,017,100517,1614714,1536,107056,1611699,1629,112764.0,1614742.0,1754.0,118800.0,1617105.0,1835.0
25,021,100356,705388,1425,107361,706775,1560,115357.0,724505.0,1712.0,115969.0,725531.0,1841.0
25,023,90484,518132,1141,90880,521202,1142,100082.0,533003.0,1293.0,103173.0,533069.0,1434.0
25,025,69985,807252,1525,77558,803907,1616,78155.0,771245.0,1679.0,85358.0,766381.0,1784.0
25,027,71853,830839,922,78345,830622,943,84952.0,862029.0,1053.0,86258.0,862927.0,1118.0
26,005,61353,117327,719,66278,118081,703,74371.0,120950.0,851.0,75901.0,121210.0,802.0
26,017,50606,103923,575,49610,103126,583,56911.0,102985.0,573.0,55134.0,102821.0,638.0
26,021,51262,154141,580,50153,153401,626,57535.0,153101.0,665.0,61333.0,152900.0,707.0
26,025,47204,134487,593,49055,134159,631,55192.0,133819.0,645.0,59522.0,133289.0,703.0
26,037,69522,79332,699,69651,79595,717,76534.0,79426.0,799.0,78702.0,79748.0,803.0
26,045,67195,109826,757,65409,110268,727,70133.0,108944.0,832.0,71013.0,108992.0,860.0
26,049,48127,406892,593,50389,405813,613,52025.0,404208.0,641.0,57003.0,401983.0,677.0
26,055,66163,92573,851,65266,93088,894,65651.0,95860.0,1020.0,74344.0,96464.0,1122.0
26,065,52691,292735,739,54395,292406,749,57226.0,284034.0,787.0,59823.0,284108.0,812.0
26,073,46198,70562,644,45201,69872,590,,,,,,
26,075,51031,158823,634,55124,158510,641,58254.0,160050.0,690.0,59059.0,160066.0,748.0
26,077,55416,264870,698,56441,265066,719,62128.0,261108.0,781.0,69584.0,261173.0,944.0
26,081,61537,653786,781,66532,656955,847,72021.0,658046.0,922.0,77028.0,659083.0,1071.0
26,087,65561,88028,627,66263,87607,662,71479.0,88513.0,697.0,71551.0,88780.0,808.0
26,091,55378,98266,673,53865,98451,628,61257.0,98956.0,736.0,67267.0,98567.0,695.0
26,093,82884,191224,928,86512,191995,877,91344.0,195014.0,1085.0,100139.0,196161.0,1057.0
26,099,62107,874759,792,64947,873972,846,67527.0,876792.0,889.0,73830.0,874195.0,941.0
26,103,54779,66516,640,55148,66699,691,55301.0,66103.0,770.0,61474.0,66661.0,753.0
26,111,56091,83209,589,69872,83156,672,67707.0,83457.0,741.0,78487.0,83674.0,845.0
26,115,61916,150439,707,62839,150500,686,65512.0,155274.0,769.0,69563.0,155609.0,872.0
26,121,50080,173588,607,50366,173566,625,55462.0,176511.0,722.0,58074.0,176565.0,807.0
26,125,80193,1259201,903,81190,1257584,963,86523.0,1270017.0,1039.0,90594.0,1269431.0,1111.0
26,139,69952,290494,771,68817,291830,847,79116.0,299157.0,911.0,85652.0,300873.0,1010.0
26,145,48990,190800,576,48303,190539,569,50606.0,189591.0,617.0,53646.0,188330.0,662.0
26,147,56441,159337,637,59837,159128,674,60992.0,160053.0,719.0,63510.0,160151.0,822.0
26,155,54456,68192,607,55249,68122,591,51959.0,67877.0,568.0,61564.0,68022.0,642.0
26,159,59295,75448,538,60549,75677,560,59081.0,75658.0,555.0,60182.0,75692.0,678.0
26,161,71860,370963,992,76576,367601,1022,76918.0,369390.0,1098.0,79665.0,366376.0,1185.0
26,163,46390,1753893,689,50753,1749343,719,52605.0,1774816.0,779.0,55867.0,1757043.0,816.0
27,003,82492,353813,1031,83353,356921,1027,88410.0,367018.0,1141.0,92133.0,368864.0,1268.0
27,013,58616,67427,767,61133,67653,769,69858.0,69280.0,865.0,68104.0,69631.0,822.0
27,019,100324,103551,1092,101434,105089,1125,102694.0,108626.0,1210.0,116158.0,110034.0,1222.0
27,037,86302,425423,1070,88864,429021,1134,93786.0,442038.0,1218.0,97501.0,443341.0,1326.0
27,053,76052,1259428,1046,82369,1265843,1096,84244.0,1267416.0,1224.0,89399.0,1260121.0,1255.0
27,109,75327,156277,853,80096,158293,910,83070.0,163436.0,1019.0,86976.0,164020.0,1085.0
27,123,62919,550210,895,68871,550321,971,70518.0,543257.0,1051.0,75113.0,536413.0,1158.0
27,131,65839,66523,770,72469,66972,752,67267.0,67262.0,878.0,76319.0,67693.0,805.0
27,137,53550,199754,708,60434,199070,709,64959.0,199182.0,835.0,62704.0,199532.0,844.0
27,139,100963,147381,1047,108761,149013,1082,106987.0,153268.0,1184.0,113311.0,154520.0,1386.0
27,141,80643,96036,894,96210,97238,1053,90638.0,99074.0,1011.0,96889.0,100824.0,1109.0
27,145,60669,159256,741,66558,161075,784,65742.0,158947.0,761.0,71880.0,160405.0,897.0
27,163,95124,259201,1149,100596,262440,1270,104935.0,272256.0,1320.0,106509.0,275912.0,1468.0
27,171,88359,136349,845,91707,138377,1006,99964.0,144845.0,944.0,93602.0,148003.0,1080.0
28,033,68385,182001,832,66078,184945,877,70490.0,188633.0,1020.0,79747.0,191723.0,1166.0
28,035,38837,75036,596,39063,74897,643,46226.0,77875.0,683.0,53464.0,78110.0,661.0
28,047,45042,206650,677,50119,208080,714,55702.0,209396.0,759.0,56041.0,211044.0,847.0
28,049,45459,237085,671,44964,231840,684,40658.0,222679.0,717.0,46672.0,217730.0,770.0
28,059,50546,143277,657,52476,143617,750,57383.0,143987.0,754.0,60966.0,144975.0,816.0
28,067,49393,68461,521,37594,68098,501,40116.0,66744.0,503.0,59815.0,66569.0,536.0
28,075,37971,75317,564,37497,74125,566,41174.0,72088.0,616.0,49904.0,70904.0,656.0
28,081,53062,85202,649,49715,85436,632,59274.0,82883.0,662.0,57229.0,82959.0,728.0
28,089,75992,105630,818,68171,106272,729,75678.0,109813.0,848.0,76446.0,111113.0,919.0
28,121,66480,153902,868,67012,155271,813,71241.0,158096.0,824.0,72034.0,158979.0,982.0
29,019,54356,180005,697,57013,180463,722,62296.0,185840.0,785.0,62561.0,187690.0,786.0
29,021,55020,88571,557,46922,87364,547,50113.0,83853.0,636.0,56386.0,82911.0,621.0
29,031,49844,78753,590,57908,78871,632,61330.0,82113.0,664.0,64679.0,82899.0,641.0
29,037,71114,104954,742,72819,105780,788,79554.0,109638.0,850.0,76601.0,110394.0,872.0
29,043,56717,86983,591,62765,88595,642,71343.0,91499.0,696.0,73047.0,93114.0,682.0
29,047,68269,246365,771,70253,249948,821,74728.0,255518.0,852.0,77612.0,257033.0,960.0
29,051,63568,76796,482,61371,76745,582,63326.0,77205.0,556.0,70669.0,76969.0,659.0
29,071,58209,103670,533,60953,103967,591,68410.0,105231.0,624.0,62694.0,105879.0,626.0
29,077,43771,291923,611,43752,293086,619,53127.0,300865.0,671.0,55098.0,303293.0,752.0
29,095,55929,700307,709,57936,703011,727,63459.0,716862.0,832.0,62422.0,716531.0,892.0
29,097,46617,120636,560,45010,121328,552,52221.0,123155.0,670.0,53486.0,124075.0,638.0
29,099,65246,224347,651,69009,225081,717,67955.0,227771.0,684.0,78568.0,229336.0,693.0
29,165,80468,102985,854,81712,104418,901,85157.0,108569.0,884.0,92386.0,110534.0,1036.0
29,183,81663,399182,858,89146,402022,890,91601.0,409981.0,976.0,98831.0,413803.0,1092.0
29,187,46796,66692,513,42390,67215,579,47682.0,67541.0,577.0,46775.0,66969.0,588.0
29,189,66778,996945,774,70022,994205,792,72378.0,997187.0,844.0,79440.0,990414.0,951.0
29,510,43889,302838,645,47176,300576,655,49965.0,293310.0,683.0,52847.0,286578.0,744.0
30,013,49948,81643,707,51227,81366,696,57706.0,84511.0,697.0,58698.0,84864.0,736.0
30,029,53193,102106,840,62588,103806,798,66126.0,108454.0,798.0,65680.0,111814.0,1038.0
30,031,68266,111876,1023,75418,114434,1102,80763.0,122713.0,1186.0,83064.0,124857.0,1468.0
30,049,65241,68700,726,67616,69432,766,66686.0,72223.0,801.0,72250.0,73832.0,948.0
30,063,56598,118791,776,57347,119600,828,66803.0,119533.0,912.0,68305.0,121041.0,977.0
30,111,60079,160137,787,61186,161300,779,69882.0,167146.0,846.0,79283.0,169852.0,939.0
31,055,64390,566880,775,67133,571327,807,69290.0,585008.0,864.0,74250.0,586327.0,938.0
31,109,57650,317272,724,61175,319090,753,64980.0,324514.0,790.0,66289.0,324756.0,875.0
31,153,77941,184459,869,83720,187196,918,87979.0,193418.0,984.0,98603.0,196553.0,1083.0
32,003,57076,2231647,975,62107,2266715,1045,63677.0,2292476.0,1170.0,70797.0,2322985.0,1327.0
32,031,63310,465735,993,71881,471519,1095,76220.0,493392.0,1233.0,80125.0,496745.0,1361.0
33,005,59186,76493,793,66088,76085,843,67344.0,77329.0,946.0,77757.0,77350.0,956.0
33,009,66358,89786,950,60588,89886,920,80866.0,92201.0,1021.0,82045.0,91126.0,1071.0
33,011,78978,415247,1010,83626,417025,1125,91627.0,424079.0,1234.0,96921.0,426594.0,1318.0
33,013,75088,151132,914,76218,151391,924,80918.0,155238.0,1041.0,84690.0,156020.0,1126.0
33,015,95160,309176,1091,91249,309769,1195,104664.0,316947.0,1315.0,107442.0,319424.0,1440.0
33,017,71528,130090,935,71765,130633,978,95733.0,132416.0,1207.0,83119.0,132275.0,1318.0
34,001,61212,265429,916,63389,263670,964,66388.0,274966.0,1036.0,77248.0,275638.0,1108.0
34,003,100361,936692,1358,108827,932202,1475,105171.0,953819.0,1499.0,114336.0,952997.0,1644.0
34,005,84889,445384,1186,88797,445349,1245,94397.0,464269.0,1312.0,100478.0,466103.0,1356.0
34,007,67523,507078,937,73672,506471,967,78347.0,523771.0,1056.0,81768.0,524907.0,1105.0
34,009,67007,92560,949,69980,92039,1041,78657.0,95661.0,874.0,84870.0,95634.0,1185.0
34,011,52795,150972,848,54587,149527,926,58389.0,153627.0,926.0,60755.0,151356.0,930.0
34,013,63368,799767,1056,64626,798975,1115,66198.0,854917.0,1160.0,74994.0,849477.0,1209.0
34,015,81849,291408,1075,89447,291636,1094,94412.0,304477.0,1108.0,98301.0,306601.0,1192.0
34,017,74414,676061,1290,78808,672391,1340,80329.0,702463.0,1529.0,83056.0,703366.0,1619.0
34,019,111269,124714,1185,116155,124371,1326,121982.0,129924.0,1385.0,142518.0,129777.0,1483.0
34,021,80632,369811,1136,79492,367430,1082,87662.0,385898.0,1188.0,95668.0,380688.0,1282.0
34,023,88217,829685,1347,93418,825062,1401,99427.0,860807.0,1503.0,102400.0,861418.0,1549.0
34,025,99642,621354,1261,102870,618795,1303,108000.0,645354.0,1501.0,118194.0,644098.0,1472.0
34,027,112288,494228,1456,116283,491845,1443,122962.0,510981.0,1640.0,131795.0,511151.0,1623.0
34,029,68551,601651,1243,76093,607186,1264,75719.0,648998.0,1367.0,81101.0,655735.0,1418.0
34,031,75259,503310,1132,77040,501826,1166,75430.0,518117.0,1231.0,79955.0,513936.0,1310.0
34,033,65733,62607,885,68531,62385,806,69886.0,65046.0,915.0,77898.0,65117.0,1035.0
34,035,121378,331164,1478,111587,328934,1479,124764.0,345647.0,1620.0,135577.0,346875.0,1689.0
34,037,92818,140799,1227,101130,140488,1151,99904.0,145543.0,1226.0,113640.0,146084.0,1359.0
34,039,82186,558067,1166,80339,556341,1216,86764.0,572114.0,1300.0,98028.0,569815.0,1434.0
34,041,77452,105779,985,84479,105267,1081,81159.0,110731.0,1073.0,98867.0,110926.0,1225.0
35,001,51208,678701,764,56115,679121,812,59640.0,674393.0,836.0,65075.0,672508.0,914.0
35,005,43941,64689,586,42003,64615,604,,,,,,
35,013,35262,217522,568,43038,218195,656,45178.0,221508.0,642.0,51967.0,223337.0,684.0
35,025,50871,69611,737,68457,71070,903,50725.0,73004.0,904.0,58150.0,72452.0,759.0
35,031,34080,72290,520,37153,71367,475,41643.0,71780.0,674.0,45636.0,69830.0,588.0
35,035,42591,66781,735,39371,67490,605,51214.0,68537.0,672.0,54093.0,68823.0,674.0
35,043,54338,145179,865,71997,146748,998,72151.0,151369.0,967.0,83639.0,153501.0,1156.0
35,045,44841,125043,707,44321,123958,651,47819.0,120993.0,706.0,50264.0,120418.0,647.0
35,049,60193,150056,928,61298,150358,891,67341.0,155201.0,975.0,72544.0,155664.0,1146.0
35,061,46493,76456,603,60601,76688,745,48188.0,77190.0,702.0,48638.0,78080.0,690.0
36,001,64435,307117,879,69953,305506,929,75232.0,313743.0,985.0,77049.0,315811.0,1035.0
36,005,38467,1432132,1088,41432,1418207,1122,43011.0,1424948.0,1174.0,45517.0,1379946.0,1203.0
36,007,51125,191659,656,52010,190488,676,55591.0,197240.0,718.0,60616.0,197117.0,743.0
36,009,48179,76840,518,50912,76117,558,55153.0,76426.0,541.0,50508.0,76439.0,564.0
36,011,52376,77145,639,58665,76576,656,63511.0,75880.0,695.0,64031.0,74998.0,723.0
36,013,45479,127939,541,50272,126903,533,46661.0,126807.0,559.0,55457.0,126027.0,609.0
36,015,53005,84254,655,60782,83456,641,60219.0,83045.0,712.0,55845.0,81426.0,764.0
36,019,56704,80695,713,60198,80485,689,60285.0,79596.0,763.0,66152.0,78753.0,774.0
36,027,80227,293718,1042,85901,294218,1131,88051.0,297112.0,1207.0,90889.0,297545.0,1301.0
36,029,56369,919719,712,60652,918702,752,63035.0,950683.0,804.0,70044.0,950312.0,872.0
36,045,53146,111755,824,53917,109834,880,60398.0,116295.0,889.0,56423.0,116637.0,1046.0
36,047,61220,2582830,1331,66937,2559903,1389,67567.0,2641052.0,1525.0,73951.0,2590516.0,1578.0
36,051,61609,63227,647,59173,62914,634,,,,,,
36,053,59678,70795,623,62918,70941,733,67495.0,67658.0,670.0,69986.0,67097.0,763.0
36,055,60222,742474,803,62103,741770,818,65957.0,755160.0,888.0,67923.0,752035.0,951.0
36,059,116304,1358343,1686,118453,1356924,1685,125696.0,1390907.0,1852.0,136984.0,1383726.0,1846.0
36,061,85066,1628701,1673,93651,1628706,1679,84435.0,1576876.0,1789.0,95866.0,1596273.0,1929.0
36,063,55306,210433,578,56304,209281,589,61340.0,211653.0,660.0,63441.0,210880.0,681.0
36,065,54593,229577,622,57391,228671,634,60215.0,230274.0,682.0,64316.0,228846.0,731.0
36,067,59883,461809,763,61577,460528,777,65541.0,473236.0,832.0,70968.0,468249.0,863.0
36,069,62522,109864,780,66568,109777,766,77972.0,112508.0,894.0,76424.0,112707.0,838.0
36,071,75825,381951,1098,84458,384940,1154,90405.0,404525.0,1232.0,89037.0,405941.0,1351.0
36,075,54264,117898,630,58459,117124,656,59423.0,117387.0,719.0,58984.0,118287.0,678.0
36,079,102525,98892,1229,106204,98320,1599,106871.0,97936.0,1532.0,111102.0,98045.0,1681.0
36,081,69320,2278906,1482,73696,2253858,1558,73262.0,2331143.0,1630.0,80557.0,2278029.0,1683.0
36,083,71648,159442,844,71574,158714,894,75676.0,160232.0,881.0,83109.0,159853.0,938.0
36,085,82166,476179,1153,89821,476143,1170,86054.0,493494.0,1306.0,93164.0,491133.0,1516.0
36,087,89812,325695,1307,100916,325789,1338,99087.0,339227.0,1580.0,100397.0,339022.0,1550.0
36,089,49681,108047,585,52108,107740,591,55775.0,108051.0,640.0,59683.0,107733.0,659.0
36,091,83765,230163,993,89932,229863,1064,86804.0,237359.0,1066.0,93301.0,238797.0,1096.0
36,093,64847,155350,804,65773,155299,839,75284.0,158089.0,875.0,74765.0,160093.0,915.0
36,101,55569,95796,537,52951,95379,589,57378.0,92948.0,673.0,60204.0,92599.0,710.0
36,103,100468,1481093,1618,106228,1476601,1677,113683.0,1526344.0,1847.0,119838.0,1525465.0,1986.0
36,105,52274,75498,786,60137,75432,699,54276.0,79806.0,840.0,63777.0,79658.0,811.0
36,109,57276,102793,1073,58626,102180,1159,66441.0,105162.0,1203.0,74034.0,104777.0,1074.0
36,111,63889,178599,997,64087,177573,923,78938.0,182951.0,1089.0,80372.0,182319.0,1187.0
36,113,56482,64265,767,64985,63944,789,73028.0,65618.0,863.0,69865.0,65599.0,886.0
36,117,61515,90064,606,61730,89918,656,64993.0,90923.0,652.0,71079.0,91125.0,719.0
36,119,94811,967612,1368,101908,967506,1476,110705.0,997895.0,1604.0,108144.0,990427.0,1629.0
37,001,49979,166436,655,58490,169509,643,58400.0,173877.0,745.0,59919.0,176353.0,801.0
37,019,60496,136744,898,63668,142820,866,65374.0,144215.0,983.0,72820.0,153064.0,1074.0
37,021,53980,259103,873,54970,261191,924,64532.0,271534.0,1041.0,68019.0,273589.0,1097.0
37,023,43663,90382,499,47361,90485,510,55529.0,87611.0,555.0,62267.0,87881.0,545.0
37,025,69679,211342,720,72333,216453,824,79672.0,231278.0,973.0,78857.0,235797.0,1074.0
37,027,42257,82029,488,48737,82178,505,41210.0,80463.0,465.0,51592.0,80492.0,468.0
37,031,54833,69524,670,60186,69473,659,62907.0,68541.0,755.0,66799.0,69380.0,843.0
37,035,53454,158652,566,52436,159551,554,59603.0,161723.0,694.0,62981.0,163462.0,695.0
37,037,74959,73139,747,66857,74470,610,84555.0,77889.0,540.0,77906.0,79864.0,832.0
37,045,40690,97645,475,44987,97947,501,47150.0,100359.0,583.0,51470.0,100670.0,650.0
37,049,50509,102912,733,52832,102139,777,57359.0,100674.0,792.0,63964.0,100874.0,852.0
37,051,46716,332330,719,46292,335509,732,52372.0,335508.0,842.0,58110.0,336699.0,907.0
37,057,45320,166614,494,53473,167609,546,52205.0,170637.0,575.0,63741.0,172586.0,596.0
37,063,58073,316739,902,65317,321488,976,71403.0,326126.0,1068.0,80089.0,332680.0,1247.0
37,067,49166,379099,652,52017,382295,677,59879.0,385523.0,746.0,62319.0,389157.0,864.0
37,069,60598,67560,685,57099,69685,633,64064.0,71703.0,748.0,73182.0,74539.0,681.0
37,071,52741,222846,672,56595,224529,632,54734.0,230856.0,787.0,65615.0,234215.0,898.0
37,081,51803,533670,715,55328,537174,752,60734.0,542410.0,820.0,63475.0,546101.0,911.0
37,085,51022,134214,664,55753,135976,664,62478.0,135966.0,770.0,65778.0,138832.0,709.0
37,089,53706,116748,606,62131,117417,670,59669.0,116829.0,862.0,63552.0,118106.0,877.0
37,097,59341,178435,680,68660,181806,809,69410.0,191968.0,875.0,71943.0,195897.0,919.0
37,101,60132,202675,646,60951,209339,575,69394.0,226504.0,680.0,81725.0,234778.0,832.0
37,109,63782,83770,540,71514,86111,599,74201.0,89670.0,666.0,79003.0,93095.0,764.0
37,119,63967,1093901,999,69072,1110356,1051,74890.0,1122276.0,1181.0,80365.0,1145392.0,1346.0
37,125,58531,98682,712,62469,100880,821,67160.0,102763.0,770.0,85382.0,105531.0,1157.0
37,127,51601,94016,509,50656,94298,555,56560.0,95176.0,604.0,54175.0,95789.0,660.0
37,129,52239,232274,904,56382,234473,966,66097.0,229018.0,1037.0,70485.0,234921.0,1178.0
37,133,50639,197683,839,49544,197938,765,55534.0,206160.0,872.0,62460.0,207298.0,933.0
37,135,72563,146027,940,74299,148476,913,80294.0,148884.0,1103.0,89291.0,150477.0,1277.0
37,147,42481,179914,536,53401,180742,618,44450.0,172169.0,670.0,57049.0,173542.0,741.0
37,151,47653,143351,524,49742,143667,545,57367.0,145172.0,623.0,55671.0,146043.0,620.0
37,155,35037,131831,439,35035,130625,449,37008.0,116328.0,499.0,38610.0,116663.0,527.0
37,157,40688,90690,463,43230,91010,502,42901.0,91266.0,535.0,51310.0,91957.0,546.0
37,159,46035,141262,613,51927,142088,656,56408.0,148150.0,696.0,61311.0,149645.0,780.0
37,161,43111,66826,529,44361,67029,481,,,,,,
37,171,48398,71948,457,49250,71783,444,51950.0,71152.0,548.0,44485.0,71403.0,499.0
37,179,80337,235908,832,85985,239859,836,86606.0,243648.0,921.0,94168.0,249070.0,1317.0
37,183,79970,1092305,1010,84215,1111761,1062,91299.0,1150204.0,1172.0,96806.0,1175021.0,1328.0
37,191,40791,123248,561,44596,123131,631,47595.0,116835.0,612.0,55588.0,117286.0,720.0
37,193,43466,68557,440,43290,68412,522,43933.0,65806.0,515.0,45508.0,65784.0,501.0
37,195,42769,81455,506,38830,81801,435,47201.0,78369.0,617.0,50267.0,78449.0,641.0
38,015,71172,95273,760,72494,95626,805,68424.0,98933.0,783.0,81893.0,99280.0,818.0
38,017,62418,181516,763,62218,181923,757,66009.0,186562.0,736.0,66747.0,192734.0,824.0
38,035,52853,70770,779,56622,69451,733,65184.0,72705.0,888.0,61972.0,72413.0,780.0
38,101,65719,67744,861,71415,67641,747,71061.0,69071.0,887.0,73787.0,68870.0,820.0
39,003,49063,102663,538,60429,102351,513,51497.0,101670.0,600.0,59880.0,101115.0,683.0
39,007,46349,97493,534,44580,97241,533,46771.0,97337.0,605.0,51737.0,97014.0,630.0
39,009,36944,65818,595,41851,65327,724,,,,,,
39,013,50250,67505,477,49780,67006,494,50993.0,65849.0,461.0,56422.0,65509.0,566.0
39,017,60589,382378,715,68584,383134,723,72820.0,390234.0,799.0,74581.0,388420.0,785.0
39,023,49875,134585,562,50128,134083,562,59431.0,135633.0,570.0,56132.0,134831.0,629.0
39,025,64526,205466,709,67744,206428,700,69489.0,209642.0,766.0,78010.0,210805.0,895.0
39,029,43745,102665,480,53542,101883,485,49265.0,101310.0,504.0,53095.0,100511.0,529.0
39,035,49910,1243857,678,52423,1235072,697,55132.0,1249387.0,757.0,60736.0,1236041.0,818.0
39,041,99881,204826,917,107854,209177,916,117224.0,220740.0,1096.0,119030.0,226296.0,1181.0
39,043,49751,74615,600,60653,74266,609,58403.0,74852.0,670.0,69296.0,74501.0,675.0
39,045,67144,155782,718,71469,157574,671,81226.0,161064.0,796.0,82486.0,162898.0,806.0
39,049,60373,1310300,802,64713,1316756,837,65988.0,1321414.0,926.0,69681.0,1321820.0,1012.0
39,055,82784,94031,740,77391,93649,695,91305.0,95565.0,867.0,102350.0,95469.0,834.0
39,057,67680,167995,698,67394,168937,723,79271.0,168412.0,793.0,82602.0,168456.0,866.0
39,061,57189,816684,675,60198,817473,704,64065.0,826139.0,766.0,66878.0,825037.0,823.0
39,063,60788,75930,577,60944,75783,601,64024.0,74656.0,642.0,71377.0,74861.0,739.0
39,081,40308,65767,458,47445,65325,489,,,,,,
39,085,65835,230514,773,64076,230149,763,74273.0,232023.0,829.0,75615.0,231842.0,902.0
39,089,67784,175769,639,66013,176862,704,73325.0,180401.0,742.0,76654.0,181359.0,745.0
39,093,58613,309461,623,58686,309833,602,62448.0,315595.0,706.0,66330.0,316268.0,698.0
39,095,47360,429899,588,49448,428348,606,52687.0,429191.0,638.0,57736.0,426643.0,698.0
39,099,47962,229642,529,47170,228683,555,49520.0,226762.0,545.0,54473.0,225636.0,622.0
39,101,43008,65256,540,50608,65093,575,48919.0,65291.0,600.0,56707.0,64642.0,621.0
39,103,75786,179146,734,76468,179746,749,86646.0,183092.0,890.0,87796.0,183512.0,847.0
39,109,58486,106222,548,62451,106987,620,64345.0,109264.0,621.0,71457.0,110247.0,735.0
39,113,50838,532331,622,54537,531687,639,56471.0,535840.0,725.0,62728.0,533892.0,760.0
39,119,49602,86183,537,51844,86215,531,51173.0,86408.0,535.0,58326.0,86113.0,624.0
39,133,64550,162927,738,56679,162466,744,64471.0,162382.0,747.0,72964.0,161745.0,825.0
39,139,49564,121099,485,51783,121154,525,51158.0,125195.0,570.0,53047.0,125319.0,642.0
39,141,46769,76931,497,55717,76666,544,50395.0,76891.0,659.0,60157.0,76606.0,603.0
39,145,37257,75502,432,45571,75314,515,40522.0,73346.0,509.0,46606.0,72194.0,523.0
39,151,52068,371574,575,55499,370606,574,59127.0,373834.0,629.0,64582.0,372657.0,665.0
39,153,58876,541918,666,57364,541013,699,63117.0,537633.0,713.0,65763.0,535882.0,766.0
39,155,46196,198627,558,47087,197974,545,51057.0,201335.0,565.0,53220.0,200643.0,579.0
39,157,49658,92176,554,53616,91987,567,58060.0,92500.0,599.0,58588.0,91937.0,611.0
39,165,86473,232173,977,90837,234602,890,95817.0,246553.0,1016.0,104066.0,249778.0,1063.0
39,169,59111,115967,575,57458,115710,569,59666.0,116710.0,617.0,69876.0,116559.0,627.0
39,173,63695,130696,628,63791,130817,650,63620.0,132472.0,733.0,65458.0,131592.0,766.0
40,017,70204,144447,789,73635,148306,736,74768.0,161737.0,911.0,80904.0,169149.0,965.0
40,027,62096,281669,742,64290,284014,788,67172.0,297597.0,808.0,70422.0,299587.0,884.0
40,031,52089,120422,633,51300,120749,639,49325.0,122063.0,633.0,55285.0,123046.0,714.0
40,037,55264,71604,570,54969,71522,548,52818.0,72029.0,646.0,56756.0,72699.0,682.0
40,101,45290,68362,530,42450,67997,539,43437.0,66146.0,531.0,54070.0,66354.0,622.0
40,109,52214,792582,695,56235,797434,709,57764.0,798575.0,761.0,61446.0,802559.0,817.0
40,119,48031,82040,638,41272,81784,658,49348.0,81989.0,681.0,45684.0,82794.0,736.0
40,125,48776,72679,554,53511,72592,582,51451.0,73019.0,627.0,50583.0,73533.0,638.0
40,131,60148,91984,661,66132,92459,702,68777.0,96695.0,692.0,71817.0,98836.0,741.0
40,143,55638,648360,698,57483,651552,713,58954.0,672858.0,769.0,63332.0,677358.0,833.0
40,145,62421,80110,602,64319,81289,728,70313.0,84050.0,713.0,73199.0,86644.0,828.0
41,003,63773,92101,968,70835,93053,1015,64163.0,96017.0,1112.0,68524.0,97630.0,1185.0
41,005,81278,416075,1214,80294,418187,1233,91329.0,422537.0,1368.0,97419.0,423177.0,1433.0
41,017,67577,191996,1001,71643,197692,1239,79796.0,204801.0,1353.0,82052.0,206549.0,1412.0
41,019,47004,110283,690,48585,110980,710,51166.0,111978.0,740.0,54387.0,112297.0,757.0
41,029,56546,219564,861,56450,220944,914,64249.0,223734.0,1047.0,69152.0,221644.0,1134.0
41,033,48315,87393,728,47573,87487,903,48785.0,88346.0,800.0,53838.0,87730.0,955.0
41,035,45354,67653,628,56348,68238,693,46721.0,70164.0,768.0,53923.0,70212.0,718.0
41,039,53172,379611,864,57325,382067,909,61712.0,383189.0,987.0,64069.0,382353.0,1091.0
41,043,54113,127335,848,61488,129749,886,65196.0,129839.0,969.0,67009.0,130467.0,1003.0
41,047,56341,346868,883,64306,347818,925,64406.0,347119.0,1003.0,71022.0,346703.0,1127.0
41,051,71186,811880,1154,72900,812855,1203,78319.0,803377.0,1273.0,79909.0,795083.0,1354.0
41,053,61616,85234,903,72914,86085,1013,71532.0,89164.0,1010.0,77368.0,89614.0,1151.0
41,059,56842,77516,623,60425,77950,720,58329.0,79988.0,699.0,77006.0,80215.0,791.0
41,067,83068,597695,1253,85734,601592,1323,92147.0,600811.0,1423.0,98906.0,600176.0,1549.0
41,071,60893,107002,983,72904,107100,1048,77256.0,108239.0,1065.0,77267.0,108226.0,1183.0
42,001,62284,102811,795,67715,103009,741,72985.0,104127.0,752.0,76727.0,106027.0,824.0
42,003,59899,1218452,734,64871,1216045,767,69091.0,1238090.0,831.0,72031.0,1233253.0,878.0
42,005,49950,65263,490,57636,64735,537,54039.0,65093.0,516.0,57500.0,64747.0,599.0
42,007,54660,164742,522,60672,163929,560,65003.0,166624.0,594.0,67350.0,165677.0,646.0
42,011,62564,420152,736,67708,421164,781,68658.0,429342.0,848.0,72070.0,430449.0,917.0
42,013,49942,122492,582,51004,121829,586,57361.0,121767.0,576.0,58022.0,121032.0,651.0
42,017,88569,628195,1134,93767,628270,1132,100144.0,646098.0,1192.0,105398.0,645054.0,1376.0
42,019,66423,187888,724,72262,187853,738,78146.0,194273.0,816.0,81353.0,197300.0,749.0
42,021,45084,131730,446,49076,130192,443,52995.0,132167.0,524.0,54905.0,131441.0,526.0
42,025,53227,64227,630,61111,64182,694,57262.0,65412.0,648.0,64456.0,65460.0,741.0
42,027,57333,162805,828,60706,162385,934,66789.0,157527.0,906.0,66602.0,158425.0,1041.0
42,029,99119,522046,1138,102016,524989,1217,109601.0,538649.0,1365.0,117232.0,545823.0,1445.0
42,033,46205,79388,475,45643,79255,574,55193.0,80082.0,504.0,60228.0,77904.0,524.0
42,037,50601,65456,604,54570,64964,608,,,,,,
42,039,51502,85063,467,49428,84629,537,55593.0,83351.0,556.0,54497.0,82670.0,584.0
42,041,71802,251423,825,75391,253370,840,82691.0,262919.0,966.0,80926.0,268579.0,978.0
42,043,57814,277097,776,60733,278299,816,66454.0,287400.0,898.0,67424.0,288800.0,911.0
42,045,72045,564751,896,77339,566747,948,78220.0,573849.0,1059.0,83960.0,575182.0,1088.0
42,049,48007,272061,600,51818,269728,606,56851.0,269011.0,639.0,56094.0,267689.0,664.0
42,051,52984,130441,519,48509,129274,508,47981.0,126931.0,530.0,51776.0,125755.0,526.0
42,055,61208,154835,693,62484,155027,751,66715.0,156289.0,730.0,74002.0,156902.0,774.0
42,063,49448,84501,572,51914,84073,525,52023.0,82886.0,575.0,52361.0,82957.0,599.0
42,069,53302,210793,650,53826,209674,650,62136.0,215663.0,685.0,61372.0,215615.0,742.0
42,071,66277,543557,826,67376,545724,890,75688.0,553652.0,977.0,82691.0,556629.0,1053.0
42,073,47853,86184,537,50547,85512,522,59536.0,85497.0,539.0,58908.0,84849.0,592.0
42,075,61362,141314,760,61204,141793,746,72732.0,143493.0,757.0,68467.0,144011.0,898.0
42,077,62278,368100,895,65667,369318,955,68738.0,375539.0,1024.0,72530.0,376317.0,1071.0
42,079,54433,317646,614,53972,317417,630,60020.0,326053.0,707.0,59603.0,326369.0,746.0
42,081,55045,113664,615,53881,113299,616,60494.0,113605.0,673.0,62516.0,113104.0,656.0
42,085,48847,110683,527,54543,109424,537,54067.0,109972.0,586.0,57618.0,109220.0,586.0
42,089,64170,169507,859,62413,170271,956,78575.0,169273.0,963.0,81580.0,167198.0,999.0
42,091,90122,828604,1135,92302,830915,1194,102896.0,860578.0,1295.0,106811.0,864683.0,1394.0
42,095,68591,304807,891,74328,305285,957,79578.0,313628.0,1035.0,74696.0,318526.0,1096.0
42,097,47160,91083,503,47349,90843,531,50751.0,91266.0,517.0,58987.0,90133.0,573.0
42,101,46116,1584138,857,47474,1584064,906,52899.0,1576251.0,999.0,56517.0,1567258.0,1073.0
42,107,48458,142067,535,56295,141359,552,58614.0,143264.0,568.0,64160.0,143104.0,607.0
42,111,50988,73952,430,48895,73447,443,54352.0,73627.0,468.0,48438.0,72710.0,491.0
42,125,63251,207346,631,65431,206865,641,68408.0,209470.0,633.0,70303.0,210383.0,675.0
42,129,58471,350611,596,59073,348899,585,63064.0,353057.0,608.0,71363.0,352057.0,662.0
42,133,65239,448273,739,69172,449058,762,72949.0,458696.0,853.0,80130.0,461058.0,917.0
44,003,68994,163861,970,74474,164292,967,73159.0,170715.0,975.0,85395.0,171275.0,1095.0
44,005,83822,82542,1091,81652,82082,1339,88090.0,85264.0,1330.0,93334.0,84481.0,1351.0
44,007,56461,636084,817,62994,638931,860,67368.0,658221.0,949.0,75293.0,657288.0,1065.0
44,009,89847,126179,963,90003,125577,1074,90427.0,130592.0,1101.0,100459.0,130330.0,1153.0
45,003,51932,169401,595,55634,170872,680,55138.0,170776.0,716.0,68473.0,174150.0,777.0
45,007,51699,200482,561,54322,202558,582,59037.0,206908.0,661.0,62720.0,209581.0,700.0
45,013,65607,188715,1140,74127,192122,1104,70501.0,191748.0,1205.0,83323.0,196371.0,1313.0
45,015,62994,221091,959,69398,227907,1062,75004.0,236701.0,1135.0,80185.0,245117.0,1400.0
45,019,63459,405905,1038,71531,411406,1083,72147.0,413024.0,1158.0,80401.0,419279.0,1300.0
45,031,33521,66802,476,44606,66618,511,,,,,,
45,035,66438,160647,959,68200,162809,945,70009.0,163327.0,1006.0,73791.0,166133.0,1087.0
45,041,48790,138159,585,50082,138293,588,51860.0,136504.0,679.0,49527.0,136721.0,603.0
45,045,61183,514213,796,64412,523542,797,68540.0,533834.0,927.0,71728.0,547950.0,995.0
45,047,42245,70741,564,42148,70811,569,52636.0,69241.0,601.0,47052.0,69267.0,669.0
45,051,49047,344147,772,53694,354081,869,55819.0,365579.0,881.0,61063.0,383101.0,1015.0
45,055,51467,65592,584,55198,66551,545,47995.0,66130.0,633.0,58684.0,67751.0,737.0
45,057,57224,95380,569,63924,98012,571,69796.0,100336.0,561.0,68108.0,104577.0,534.0
45,059,41452,66994,474,47218,67493,474,56624.0,67803.0,556.0,54334.0,67965.0,585.0
45,063,60154,295032,718,61631,298750,707,64800.0,300137.0,794.0,72801.0,304797.0,904.0
45,073,47132,78374,555,48204,79546,533,50393.0,79203.0,540.0,55195.0,80180.0,557.0
45,075,36536,86934,458,37701,86175,491,34685.0,82962.0,515.0,40016.0,83094.0,534.0
45,077,47148,124937,591,52190,126884,610,48489.0,132229.0,708.0,53022.0,133462.0,725.0
45,079,52159,414576,786,52293,415759,801,56439.0,418307.0,847.0,60442.0,421566.0,946.0
45,083,53581,313888,599,55339,319785,664,60472.0,335864.0,728.0,57755.0,345831.0,785.0
45,085,45994,106512,569,51025,106721,612,46003.0,104758.0,628.0,57775.0,104012.0,932.0
45,091,64319,274118,781,66949,280979,861,72772.0,288595.0,1004.0,83613.0,294248.0,1142.0
46,099,58742,192876,717,61968,193134,750,72748.0,199685.0,776.0,74253.0,203971.0,838.0
46,103,59006,111729,722,58085,113775,742,64057.0,111806.0,874.0,65801.0,114461.0,908.0
47,001,50616,76482,591,49044,76978,629,60364.0,77576.0,714.0,67746.0,78913.0,767.0
47,009,58809,131349,688,59276,133088,704,62102.0,137605.0,734.0,69756.0,139958.0,743.0
47,011,50560,106727,594,52468,108110,601,56139.0,110162.0,648.0,63659.0,110616.0,734.0
47,037,60856,692587,967,63938,694144,1042,65348.0,703953.0,1180.0,72473.0,708144.0,1310.0
47,059,47383,69087,516,44722,69069,513,56488.0,70621.0,516.0,48918.0,71405.0,483.0
47,065,57280,364286,719,57502,367804,750,66096.0,369135.0,873.0,76219.0,374682.0,1015.0
47,093,55632,465289,715,60283,470313,763,64894.0,486677.0,876.0,69999.0,494574.0,941.0
47,113,45360,97605,540,49820,97984,634,53720.0,98775.0,719.0,55666.0,99245.0,776.0
47,119,53794,94340,681,66781,96387,729,68840.0,104760.0,863.0,68157.0,108159.0,977.0
47,125,56019,205950,766,56948,208993,732,63331.0,227900.0,934.0,67264.0,235201.0,1028.0
47,141,45199,78843,598,49282,80245,615,52278.0,81188.0,639.0,54373.0,82382.0,731.0
47,147,69079,71012,662,66939,71813,756,65139.0,74098.0,760.0,79171.0,75470.0,897.0
47,149,63739,324890,939,69397,332285,1018,78201.0,352182.0,1090.0,76857.0,360619.0,1178.0
47,155,47411,97892,647,57741,98250,708,50239.0,99517.0,694.0,59315.0,98789.0,859.0
47,157,47500,935764,694,52614,937166,733,54841.0,924454.0,788.0,61516.0,916371.0,857.0
47,163,44652,157668,470,51860,158348,538,48063.0,159265.0,602.0,53585.0,160820.0,629.0
47,165,65948,187149,843,68743,191283,912,70092.0,200557.0,1034.0,88764.0,203858.0,1192.0
47,179,48765,128607,582,51428,129375,651,56009.0,134236.0,724.0,64899.0,136172.0,777.0
47,187,110700,231729,1389,115507,238412,1461,117927.0,255735.0,1492.0,129275.0,260815.0,1752.0
47,189,76756,140625,922,80071,144657,892,80960.0,151917.0,1090.0,87003.0,158555.0,1179.0
48,005,47519,87092,595,53320,86715,647,50045.0,86506.0,739.0,58180.0,87101.0,759.0
48,021,69067,86976,882,57938,88723,1036,80423.0,102058.0,820.0,72663.0,106188.0,905.0
48,027,54495,355642,756,54560,362924,754,58542.0,379617.0,835.0,62137.0,388386.0,894.0
48,029,54149,1986049,848,58964,2003554,890,63057.0,2028236.0,984.0,65854.0,2059530.0,1083.0
48,037,47134,94324,620,51802,93245,603,54154.0,92581.0,663.0,49771.0,92035.0,655.0
48,039,73623,370200,1014,84904,374264,1052,82460.0,379689.0,1062.0,86083.0,388181.0,1103.0
48,041,50110,226758,800,55121,229211,808,49362.0,237032.0,887.0,60393.0,242014.0,917.0
48,061,38378,423908,549,41123,423163,617,48115.0,423029.0,651.0,50649.0,425208.0,713.0
48,085,96051,1005146,1238,96134,1034730,1303,101494.0,1109462.0,1403.0,113305.0,1158696.0,1578.0
48,091,76203,148373,1042,89315,156209,1010,93829.0,174986.0,1173.0,91171.0,184642.0,1388.0
48,099,46131,74808,619,53504,75951,662,62737.0,84232.0,851.0,65846.0,85057.0,862.0
48,113,59839,2637772,968,61796,2635516,1027,63494.0,2586050.0,1125.0,70852.0,2600840.0,1265.0
48,121,88117,859064,1093,90523,887207,1145,97671.0,941647.0,1206.0,102428.0,977281.0,1412.0
48,135,64165,162124,886,67205,166223,984,57473.0,161091.0,931.0,68071.0,160869.0,949.0
48,139,77794,179436,900,78797,184826,981,89799.0,202678.0,994.0,89856.0,212182.0,1203.0
48,141,43958,840758,679,48903,839238,720,51044.0,867947.0,774.0,53424.0,868763.0,830.0
48,157,91931,787858,1249,101293,811688,1357,96468.0,858527.0,1343.0,105205.0,889146.0,1479.0
48,167,73840,337890,958,74977,342139,987,78336.0,355062.0,1033.0,75565.0,357117.0,1143.0
48,181,51158,133991,735,57476,136212,743,62919.0,139336.0,841.0,66106.0,143131.0,1040.0
48,183,51361,123707,674,53793,123945,708,59869.0,124201.0,752.0,61496.0,125443.0,872.0
48,187,74459,163694,907,79768,166847,986,80464.0,177036.0,1018.0,87030.0,182760.0,1447.0
48,201,60232,4698619,915,61618,4713325,961,63498.0,4728030.0,1012.0,68706.0,4780913.0,1117.0
48,203,50561,66726,538,58817,66553,654,59405.0,69150.0,706.0,69212.0,69955.0,734.0
48,209,65943,222631,1022,72058,230191,1035,76842.0,255397.0,1196.0,88617.0,269225.0,1181.0
48,213,42020,82299,556,51521,82737,631,49830.0,83667.0,642.0,65283.0,84511.0,878.0
48,215,39165,865939,557,41800,868707,604,44818.0,880356.0,672.0,49142.0,888367.0,705.0
48,231,55248,96493,736,58063,98594,739,56761.0,103394.0,833.0,69253.0,108282.0,1023.0
48,245,47177,255001,700,55797,251565,737,56904.0,253704.0,780.0,54797.0,250830.0,823.0
48,251,62390,171361,821,66319,175817,890,77933.0,187280.0,962.0,76320.0,195506.0,1042.0
48,257,66668,128622,747,75775,136154,905,72175.0,157768.0,1113.0,94868.0,172366.0,1307.0
48,291,51955,86323,643,50049,88219,601,55697.0,97621.0,673.0,61525.0,101992.0,733.0
48,303,50505,307412,733,55003,310569,777,57798.0,314451.0,825.0,59161.0,317561.0,879.0
48,309,48713,254607,696,50845,256623,726,60437.0,263115.0,848.0,64320.0,266836.0,931.0
48,329,81210,172578,1129,82558,176832,1222,82248.0,167969.0,904.0,76332.0,171999.0,1128.0
48,339,76929,590925,1053,88695,607391,1073,86903.0,648886.0,1132.0,94972.0,678490.0,1217.0
48,347,46459,65711,600,47572,65204,521,,,,,,
48,355,54560,362265,829,56789,362294,870,59983.0,353079.0,926.0,60361.0,351674.0,961.0
48,361,56420,83572,698,69052,83396,711,71022.0,84742.0,842.0,64601.0,84934.0,781.0
48,367,72004,138371,852,83262,142878,844,85641.0,156764.0,985.0,96017.0,165834.0,1235.0
48,375,40797,119648,663,37297,117415,662,44721.0,116547.0,689.0,50661.0,115645.0,798.0
48,381,70108,136271,773,70651,137713,806,70322.0,143854.0,832.0,76744.0,146140.0,848.0
48,397,100595,100657,1574,103378,104915,1211,121568.0,116381.0,1125.0,123767.0,123208.0,1763.0
48,409,55018,66893,790,57899,66730,889,59276.0,69699.0,937.0,64741.0,69954.0,986.0
48,423,58226,230221,785,59584,232751,823,63115.0,237186.0,839.0,68192.0,241922.0,926.0
48,439,66063,2084931,942,70139,2102515,978,71346.0,2126477.0,1105.0,76210.0,2154595.0,1211.0
48,441,47508,137640,732,55351,138034,714,53315.0,143326.0,786.0,62107.0,145163.0,903.0
48,451,52283,118189,731,55988,119200,801,61649.0,119411.0,795.0,59853.0,118892.0,926.0
48,453,76392,1248743,1162,80726,1273954,1199,84531.0,1305154.0,1321.0,95259.0,1326436.0,1468.0
48,469,50210,92035,730,57358,92084,789,54596.0,90964.0,820.0,71192.0,91065.0,951.0
48,471,40100,72480,776,47170,72971,765,41470.0,77977.0,741.0,51528.0,78870.0,733.0
48,479,46862,275910,668,56084,276652,669,51867.0,267945.0,696.0,59603.0,267780.0,787.0
48,485,47373,132064,622,51749,132230,620,53465.0,130069.0,715.0,56944.0,129978.0,735.0
48,491,87454,566719,1215,92179,590551,1213,96073.0,643026.0,1316.0,101323.0,671418.0,1585.0
48,497,69040,68305,766,71421,69984,719,81400.0,71714.0,893.0,80305.0,74895.0,1012.0
49,005,59248,127068,663,62507,128289,699,69154.0,137417.0,832.0,76457.0,140173.0,1047.0
49,011,84358,351713,1021,87427,355481,1097,93182.0,367285.0,1129.0,103563.0,369948.0,1423.0
49,035,73801,1152633,1029,80119,1160437,1090,80712.0,1186421.0,1208.0,91924.0,1186257.0,1348.0
49,045,72906,69907,757,80973,72259,797,93908.0,76640.0,931.0,91386.0,79934.0,1006.0
49,049,75349,622213,936,79545,636235,1020,86781.0,684986.0,1143.0,95338.0,702434.0,1241.0
49,053,56333,171700,886,63595,177556,879,61186.0,191226.0,1094.0,74543.0,197680.0,1390.0
49,057,68669,256359,813,72206,260213,860,72087.0,267066.0,952.0,83949.0,269561.0,1084.0
50,007,75852,164572,1112,76806,163774,1149,85213.0,168865.0,1348.0,87614.0,169301.0,1377.0
51,003,78584,108718,1171,86399,109330,1173,92568.0,113535.0,1341.0,93691.0,114534.0,1380.0
51,013,122394,237521,1865,119755,236842,1913,125651.0,232965.0,1896.0,132380.0,234000.0,2042.0
51,015,59820,75457,717,62668,75558,769,68584.0,77563.0,726.0,80182.0,78064.0,823.0
51,019,64084,78747,738,69125,78997,691,66415.0,80131.0,637.0,71751.0,80848.0,726.0
51,041,80655,348556,1090,81297,352802,1100,85796.0,370688.0,1141.0,100702.0,378408.0,1334.0
51,059,122227,1150795,1749,128374,1147532,1801,134115.0,1139720.0,1873.0,145164.0,1138331.0,1946.0
51,061,92145,70675,1162,104809,71222,1086,108497.0,73815.0,1103.0,130261.0,74664.0,1173.0
51,069,80953,88355,896,86229,89313,909,86044.0,93717.0,1160.0,98870.0,95051.0,1361.0
51,085,91309,107239,1039,89812,107766,1060,94381.0,111603.0,1065.0,103076.0,112938.0,1142.0
51,087,68069,329261,991,68024,330818,1049,78868.0,333554.0,1158.0,81985.0,333962.0,1247.0
51,095,83190,76397,1143,91674,76523,1132,88604.0,79882.0,1244.0,99432.0,81199.0,1422.0
51,107,139915,406850,1695,151800,413538,1749,153506.0,427592.0,1978.0,167531.0,432085.0,2014.0
51,121,51932,98985,884,60045,98535,845,55210.0,98473.0,929.0,71290.0,98915.0,1008.0
51,153,107925,468011,1487,106861,470335,1547,118117.0,484472.0,1618.0,120398.0,486943.0,1733.0
51,161,68595,94073,837,71715,94186,850,72231.0,96589.0,940.0,75258.0,96914.0,947.0
51,165,61199,81244,750,69423,81948,842,73163.0,84394.0,786.0,72618.0,85397.0,846.0
51,177,88431,134238,1295,91073,136215,1275,101289.0,143676.0,1349.0,95870.0,146688.0,1478.0
51,179,110307,149960,1349,110446,152882,1234,117251.0,160877.0,1575.0,138378.0,163380.0,1549.0
51,199,83593,67846,1288,91241,68280,1365,97758.0,70915.0,1566.0,116524.0,71341.0,1363.0
51,510,101215,160530,1666,103284,159428,1687,101162.0,154706.0,1742.0,111955.0,155525.0,1864.0
51,550,80265,242634,1050,77847,244835,1071,88815.0,251269.0,1110.0,87749.0,252488.0,1219.0
51,650,55466,134313,929,56930,134510,934,57647.0,137746.0,1013.0,64924.0,138037.0,1092.0
51,680,42389,82126,664,54850,82168,733,56110.0,79009.0,793.0,49076.0,79287.0,742.0
51,700,50180,178626,850,53029,179225,917,58937.0,184587.0,931.0,64102.0,184306.0,1013.0
51,710,49587,244076,864,53093,242742,853,58591.0,235089.0,938.0,61090.0,232995.0,1035.0
51,740,47919,94632,855,51195,94398,861,54429.0,97840.0,918.0,54611.0,97029.0,1047.0
51,760,48987,228783,861,51285,230436,909,51770.0,226604.0,976.0,58988.0,229395.0,1050.0
51,770,42711,99920,670,45838,99143,681,47202.0,98865.0,696.0,49570.0,97847.0,773.0
51,800,71829,91185,869,80481,92108,1027,79556.0,96194.0,1044.0,83144.0,98537.0,1209.0
51,810,77059,450189,1153,79054,449974,1195,81634.0,457672.0,1260.0,83245.0,455618.0,1401.0
53,005,68115,201877,843,72084,204390,903,77059.0,210025.0,934.0,85529.0,212791.0,980.0
53,007,57132,77036,874,59161,77200,907,65847.0,79646.0,989.0,86282.0,79926.0,1211.0
53,009,59001,76737,843,57126,77331,807,62695.0,78209.0,807.0,66139.0,77805.0,963.0
53,011,74060,481857,1212,80555,488241,1262,83837.0,511404.0,1344.0,91248.0,516779.0,1471.0
53,015,59225,108987,707,55497,110593,808,71194.0,111524.0,851.0,72055.0,111956.0,976.0
53,021,60012,94347,742,61951,95222,901,81940.0,98268.0,881.0,79224.0,98678.0,1059.0
53,025,53057,97331,645,56997,97733,705,62227.0,100297.0,836.0,63819.0,101311.0,970.0
53,027,48255,73901,606,61026,75061,695,54631.0,76841.0,699.0,62523.0,77038.0,797.0
53,029,64793,84460,1103,72066,85141,1312,76505.0,87432.0,1298.0,81783.0,86625.0,1465.0
53,033,95009,2233163,1552,102594,2252782,1622,110586.0,2252305.0,1691.0,116255.0,2266789.0,1788.0
53,035,76945,269805,1151,79624,271473,1308,87314.0,274314.0,1362.0,94775.0,277673.0,1549.0
53,041,61058,79604,758,58911,80707,719,65047.0,84398.0,783.0,69067.0,85370.0,857.0
53,045,58094,65507,871,63983,66768,771,77070.0,67615.0,847.0,80139.0,68166.0,1001.0
53,053,75407,891299,1152,79243,904980,1218,85866.0,925708.0,1390.0,93420.0,927380.0,1561.0
53,057,73206,128206,993,67175,129205,957,72648.0,130696.0,1066.0,79001.0,131179.0,1274.0
53,061,87440,814901,1383,89260,822083,1379,100042.0,833540.0,1547.0,101532.0,840079.0,1713.0
53,063,59783,514631,793,59974,522798,831,65722.0,546040.0,940.0,69070.0,549690.0,1055.0
53,067,72703,286419,1114,78512,290536,1146,81659.0,297977.0,1334.0,88853.0,298758.0,1437.0
53,073,62268,225685,1015,69372,229247,1021,72055.0,228831.0,1215.0,79220.0,230677.0,1358.0
53,077,51555,251446,660,56233,250873,695,61012.0,256035.0,770.0,63865.0,257001.0,880.0
54,003,59328,117123,718,62370,119171,794,71733.0,126069.0,879.0,69558.0,129490.0,950.0
54,011,38162,93224,619,40788,91945,565,47020.0,93418.0,625.0,52237.0,92730.0,666.0
54,033,46569,67554,588,54314,67256,611,51533.0,65158.0,617.0,58092.0,64915.0,669.0
54,039,41141,180454,582,47759,178124,545,56122.0,177952.0,657.0,55215.0,175515.0,619.0
54,061,50834,106420,716,55940,105612,680,56347.0,106387.0,734.0,55708.0,106869.0,763.0
54,081,39122,74254,540,46540,73361,563,38687.0,73771.0,551.0,51705.0,72882.0,545.0
54,107,43563,84203,575,47944,83518,555,54153.0,83624.0,569.0,58787.0,83340.0,612.0
55,009,61651,263378,709,64458,264542,697,66191.0,269591.0,744.0,71127.0,270036.0,771.0
55,025,71582,542364,968,77504,546695,1017,77221.0,563951.0,1090.0,84831.0,568203.0,1162.0
55,027,63077,87847,672,61300,87839,705,65773.0,89313.0,694.0,67762.0,88282.0,779.0
55,035,60475,104534,705,65662,104646,712,62445.0,106452.0,738.0,70411.0,106837.0,831.0
55,039,57415,103066,635,65329,103403,647,69068.0,104362.0,693.0,69948.0,103836.0,731.0
55,055,65651,85129,699,71708,84769,736,68319.0,84943.0,767.0,78628.0,85784.0,838.0
55,059,65330,169290,769,65997,169561,850,70971.0,168732.0,916.0,74534.0,167817.0,902.0
55,063,60905,118230,740,58921,118016,737,60382.0,120433.0,825.0,69492.0,120294.0,794.0
55,071,54393,79074,520,60785,78981,598,57918.0,81505.0,583.0,61673.0,81172.0,633.0
55,073,62890,135428,641,65851,135692,648,74494.0,137648.0,685.0,69740.0,137958.0,775.0
55,079,49636,948201,743,53418,945726,769,56347.0,928059.0,821.0,58214.0,918661.0,858.0
55,087,64759,187365,674,66234,187885,714,73057.0,191545.0,727.0,78234.0,192127.0,828.0
55,089,81104,89147,848,88154,89221,788,85402.0,92497.0,850.0,88781.0,93009.0,961.0
55,097,57452,70942,679,56358,70772,694,65928.0,70468.0,716.0,70061.0,70718.0,703.0
55,101,59759,196584,713,60779,196311,715,68758.0,196896.0,762.0,71788.0,195846.0,839.0
55,105,57037,163129,686,61243,163354,728,66090.0,164381.0,748.0,66451.0,164060.0,828.0
55,109,81453,89694,805,85594,90687,851,93547.0,95044.0,1022.0,96130.0,96017.0,857.0
55,117,60896,115456,611,60706,115340,644,62188.0,117747.0,661.0,62978.0,117841.0,744.0
55,127,63800,103718,732,63549,103868,764,69996.0,106799.0,836.0,72713.0,105380.0,877.0
55,131,73435,135693,745,80513,136034,777,83384.0,137175.0,795.0,88807.0,137688.0,868.0
55,133,86968,403072,931,90548,404198,944,94171.0,408756.0,1017.0,98849.0,410434.0,1087.0
55,139,56589,171020,636,58347,171907,666,64095.0,171623.0,695.0,69405.0,170718.0,756.0
55,141,55273,73055,623,56278,72999,579,52627.0,74070.0,625.0,63643.0,73993.0,719.0
56,021,64306,98976,772,70567,99500,752,61381.0,100863.0,805.0,71621.0,100723.0,949.0
56,025,64833,79115,754,65034,79858,685,63605.0,79555.0,841.0,69627.0,79601.0,824.0
